,category_id,category
0,cat1,food
1,cat2,music
2,cat3,technology
3,cat4,music
4,cat5,theater
5,cat6,theater
6,cat7,film & video
7,cat8,theater
8,cat9,theater
9,cat10,music
10,cat11,film & video
11,cat12,theater
12,cat13,film & video
13,cat14,music
14,cat15,music
15,cat16,technology
16,cat17,publishing
17,cat18,film & video
18,cat19,theater
19,cat20,theater
20,cat21,film & video
21,cat22,theater
22,cat23,theater
23,cat24,film & video
24,cat25,technology
25,cat26,games
26,cat27,theater
27,cat28,music
28,cat29,theater
29,cat30,film & video
30,cat31,film & video
31,cat32,games
32,cat33,film & video
33,cat34,theater
34,cat35,film & video
35,cat36,film & video
36,cat37,theater
37,cat38,publishing
38,cat39,photography
39,cat40,theater
40,cat41,technology
41,cat42,music
42,cat43,food
43,cat44,publishing
44,cat45,publishing
45,cat46,theater
46,cat47,music
47,cat48,theater
48,cat49,theater
49,cat50,music
50,cat51,music
51,cat52,technology
52,cat53,theater
53,cat54,film & video
54,cat55,technology
55,cat56,music
56,cat57,technology
57,cat58,games
58,cat59,theater
59,cat60,theater
60,cat61,theater
61,cat62,theater
62,cat63,technology
63,cat64,theater
64,cat65,technology
65,cat66,theater
66,cat67,theater
67,cat68,technology
68,cat69,theater
69,cat70,theater
70,cat71,theater
71,cat72,theater
72,cat73,film & video
73,cat74,music
74,cat75,music
75,cat76,photography
76,cat77,theater
77,cat78,film & video
78,cat79,publishing
79,cat80,theater
80,cat81,games
81,cat82,music
82,cat83,games
83,cat84,music
84,cat85,technology
85,cat86,music
86,cat87,theater
87,cat88,music
88,cat89,publishing
89,cat90,theater
90,cat91,theater
91,cat92,publishing
92,cat93,games
93,cat94,theater
94,cat95,technology
95,cat96,film & video
96,cat97,theater
97,cat98,food
98,cat99,games
99,cat100,theater
100,cat101,theater
101,cat102,music
102,cat103,technology
103,cat104,music
104,cat105,music
105,cat106,technology
106,cat107,theater
107,cat108,theater
108,cat109,film & video
109,cat110,film & video
110,cat111,food
111,cat112,publishing
112,cat113,technology
113,cat114,food
114,cat115,technology
115,cat116,publishing
116,cat117,theater
117,cat118,film & video
118,cat119,photography
119,cat120,film & video
120,cat121,games
121,cat122,games
122,cat123,publishing
123,cat124,theater
124,cat125,photography
125,cat126,theater
126,cat127,theater
127,cat128,theater
128,cat129,music
129,cat130,food
130,cat131,film & video
131,cat132,technology
132,cat133,theater
133,cat134,music
134,cat135,film & video
135,cat136,theater
136,cat137,film & video
137,cat138,publishing
138,cat139,games
139,cat140,technology
140,cat141,film & video
141,cat142,technology
142,cat143,technology
143,cat144,music
144,cat145,theater
145,cat146,technology
146,cat147,theater
147,cat148,theater
148,cat149,technology
149,cat150,music
150,cat151,music
151,cat152,music
152,cat153,music
153,cat154,theater
154,cat155,music
155,cat156,theater
156,cat157,music
157,cat158,photography
158,cat159,music
159,cat160,theater
160,cat161,technology
161,cat162,technology
162,cat163,music
163,cat164,photography
164,cat165,theater
165,cat166,technology
166,cat167,photography
167,cat168,theater
168,cat169,music
169,cat170,film & video
170,cat171,music
171,cat172,publishing
172,cat173,film & video
173,cat174,theater
174,cat175,technology
175,cat176,theater
176,cat177,theater
177,cat178,theater
178,cat179,food
179,cat180,theater
180,cat181,technology
181,cat182,technology
182,cat183,theater
183,cat184,music
184,cat185,theater
185,cat186,film & video
186,cat187,theater
187,cat188,film & video
188,cat189,theater
189,cat190,theater
190,cat191,theater
191,cat192,theater
192,cat193,music
193,cat194,music
194,cat195,music
195,cat196,music
196,cat197,technology
197,cat198,film & video
198,cat199,music
199,cat200,music
200,cat201,theater
201,cat202,technology
202,cat203,food
203,cat204,theater
204,cat205,music
205,cat206,theater
206,cat207,publishing
207,cat208,music
208,cat209,film & video
209,cat210,film & video
210,cat211,film & video
211,cat212,theater
212,cat213,theater
213,cat214,music
214,cat215,music
215,cat216,theater
216,cat217,theater
217,cat218,film & video
218,cat219,film & video
219,cat220,film & video
220,cat221,theater
221,cat222,food
222,cat223,photography
223,cat224,theater
224,cat225,film & video
225,cat226,music
226,cat227,photography
227,cat228,games
228,cat229,film & video
229,cat230,games
230,cat231,games
231,cat232,theater
232,cat233,theater
233,cat234,film & video
234,cat235,games
235,cat236,film & video
236,cat237,music
237,cat238,film & video
238,cat239,theater
239,cat240,technology
240,cat241,theater
241,cat242,publishing
242,cat243,music
243,cat244,theater
244,cat245,theater
245,cat246,theater
246,cat247,technology
247,cat248,publishing
248,cat249,games
249,cat250,publishing
250,cat251,music
251,cat252,theater
252,cat253,theater
253,cat254,film & video
254,cat255,publishing
255,cat256,music
256,cat257,music
257,cat258,theater
258,cat259,theater
259,cat260,photography
260,cat261,music
261,cat262,music
262,cat263,music
263,cat264,photography
264,cat265,theater
265,cat266,theater
266,cat267,music
267,cat268,theater
268,cat269,film & video
269,cat270,film & video
270,cat271,games
271,cat272,photography
272,cat273,theater
273,cat274,theater
274,cat275,theater
275,cat276,publishing
276,cat277,games
277,cat278,theater
278,cat279,technology
279,cat280,theater
280,cat281,film & video
281,cat282,theater
282,cat283,film & video
283,cat284,music
284,cat285,technology
285,cat286,theater
286,cat287,theater
287,cat288,music
288,cat289,music
289,cat290,theater
290,cat291,film & video
291,cat292,technology
292,cat293,food
293,cat294,theater
294,cat295,theater
295,cat296,theater
296,cat297,theater
297,cat298,theater
298,cat299,music
299,cat300,food
300,cat301,publishing
301,cat302,film & video
302,cat303,theater
303,cat304,music
304,cat305,film & video
305,cat306,theater
306,cat307,theater
307,cat308,publishing
308,cat309,theater
309,cat310,music
310,cat311,games
311,cat312,theater
312,cat313,theater
313,cat314,music
314,cat315,film & video
315,cat316,theater
316,cat317,food
317,cat318,theater
318,cat319,music
319,cat320,technology
320,cat321,publishing
321,cat322,film & video
322,cat323,theater
323,cat324,film & video
324,cat325,theater
325,cat326,theater
326,cat327,film & video
327,cat328,theater
328,cat329,music
329,cat330,games
330,cat331,film & video
331,cat332,food
332,cat333,technology
333,cat334,theater
334,cat335,music
335,cat336,music
336,cat337,music
337,cat338,theater
338,cat339,theater
339,cat340,theater
340,cat341,photography
341,cat342,music
342,cat343,theater
343,cat344,theater
344,cat345,games
345,cat346,film & video
346,cat347,music
347,cat348,technology
348,cat349,food
349,cat350,theater
350,cat351,music
351,cat352,music
352,cat353,theater
353,cat354,theater
354,cat355,film & video
355,cat356,technology
356,cat357,theater
357,cat358,games
358,cat359,photography
359,cat360,film & video
360,cat361,theater
361,cat362,theater
362,cat363,music
363,cat364,music
364,cat365,music
365,cat366,theater
366,cat367,theater
367,cat368,theater
368,cat369,film & video
369,cat370,film & video
370,cat371,theater
371,cat372,theater
372,cat373,film & video
373,cat374,theater
374,cat375,film & video
375,cat376,music
376,cat377,music
377,cat378,theater
378,cat379,film & video
379,cat380,theater
380,cat381,theater
381,cat382,theater
382,cat383,photography
383,cat384,food
384,cat385,film & video
385,cat386,publishing
386,cat387,theater
387,cat388,technology
388,cat389,music
389,cat390,theater
390,cat391,photography
391,cat392,publishing
392,cat393,technology
393,cat394,music
394,cat395,film & video
395,cat396,theater
396,cat397,film & video
397,cat398,music
398,cat399,film & video
399,cat400,music
400,cat401,photography
401,cat402,theater
402,cat403,film & video
403,cat404,theater
404,cat405,theater
405,cat406,theater
406,cat407,film & video
407,cat408,theater
408,cat409,film & video
409,cat410,music
410,cat411,games
411,cat412,theater
412,cat413,publishing
413,cat414,film & video
414,cat415,food
415,cat416,theater
416,cat417,film & video
417,cat418,theater
418,cat419,film & video
419,cat420,technology
420,cat421,theater
421,cat422,technology
422,cat423,theater
423,cat424,food
424,cat425,music
425,cat426,photography
426,cat427,theater
427,cat428,theater
428,cat429,film & video
429,cat430,photography
430,cat431,theater
431,cat432,theater
432,cat433,theater
433,cat434,film & video
434,cat435,theater
435,cat436,theater
436,cat437,music
437,cat438,film & video
438,cat439,theater
439,cat440,film & video
440,cat441,film & video
441,cat442,technology
442,cat443,theater
443,cat444,theater
444,cat445,music
445,cat446,theater
446,cat447,technology
447,cat448,film & video
448,cat449,games
449,cat450,games
450,cat451,film & video
451,cat452,music
452,cat453,film & video
453,cat454,film & video
454,cat455,film & video
455,cat456,theater
456,cat457,music
457,cat458,theater
458,cat459,theater
459,cat460,film & video
460,cat461,theater
461,cat462,film & video
462,cat463,games
463,cat464,film & video
464,cat465,theater
465,cat466,publishing
466,cat467,technology
467,cat468,technology
468,cat469,theater
469,cat470,film & video
470,cat471,technology
471,cat472,food
472,cat473,music
473,cat474,music
474,cat475,film & video
475,cat476,publishing
476,cat477,publishing
477,cat478,film & video
478,cat479,technology
479,cat480,food
480,cat481,photography
481,cat482,theater
482,cat483,publishing
483,cat484,theater
484,cat485,food
485,cat486,theater
486,cat487,publishing
487,cat488,theater
488,cat489,theater
489,cat490,technology
490,cat491,journalism
491,cat492,food
492,cat493,film & video
493,cat494,photography
494,cat495,technology
495,cat496,theater
496,cat497,film & video
497,cat498,technology
498,cat499,technology
499,cat500,film & video
500,cat501,theater
501,cat502,film & video
502,cat503,games
503,cat504,film & video
504,cat505,music
505,cat506,publishing
506,cat507,theater
507,cat508,technology
508,cat509,theater
509,cat510,theater
510,cat511,film & video
511,cat512,theater
512,cat513,games
513,cat514,film & video
514,cat515,music
515,cat516,theater
516,cat517,publishing
517,cat518,food
518,cat519,film & video
519,cat520,music
520,cat521,theater
521,cat522,film & video
522,cat523,film & video
523,cat524,film & video
524,cat525,theater
525,cat526,technology
526,cat527,theater
527,cat528,film & video
528,cat529,music
529,cat530,games
530,cat531,publishing
531,cat532,games
532,cat533,theater
533,cat534,music
534,cat535,film & video
535,cat536,theater
536,cat537,publishing
537,cat538,film & video
538,cat539,games
539,cat540,food
540,cat541,photography
541,cat542,games
542,cat543,music
543,cat544,games
544,cat545,music
545,cat546,theater
546,cat547,theater
547,cat548,film & video
548,cat549,theater
549,cat550,technology
550,cat551,music
551,cat552,technology
552,cat553,theater
553,cat554,music
554,cat555,music
555,cat556,music
556,cat557,publishing
557,cat558,film & video
558,cat559,theater
559,cat560,theater
560,cat561,film & video
561,cat562,theater
562,cat563,music
563,cat564,film & video
564,cat565,theater
565,cat566,theater
566,cat567,music
567,cat568,music
568,cat569,theater
569,cat570,film & video
570,cat571,music
571,cat572,film & video
572,cat573,music
573,cat574,journalism
574,cat575,food
575,cat576,theater
576,cat577,theater
577,cat578,music
578,cat579,film & video
579,cat580,music
580,cat581,theater
581,cat582,technology
582,cat583,games
583,cat584,film & video
584,cat585,technology
585,cat586,publishing
586,cat587,music
587,cat588,food
588,cat589,theater
589,cat590,film & video
590,cat591,publishing
591,cat592,games
592,cat593,theater
593,cat594,film & video
594,cat595,theater
595,cat596,theater
596,cat597,film & video
597,cat598,theater
598,cat599,music
599,cat600,film & video
600,cat601,food
601,cat602,technology
602,cat603,theater
603,cat604,theater
604,cat605,theater
605,cat606,publishing
606,cat607,music
607,cat608,food
608,cat609,music
609,cat610,film & video
610,cat611,theater
611,cat612,theater
612,cat613,music
613,cat614,theater
614,cat615,theater
615,cat616,theater
616,cat617,music
617,cat618,theater
618,cat619,publishing
619,cat620,theater
620,cat621,photography
621,cat622,theater
622,cat623,music
623,cat624,theater
624,cat625,photography
625,cat626,theater
626,cat627,theater
627,cat628,food
628,cat629,music
629,cat630,theater
630,cat631,theater
631,cat632,theater
632,cat633,theater
633,cat634,film & video
634,cat635,film & video
635,cat636,film & video
636,cat637,film & video
637,cat638,theater
638,cat639,theater
639,cat640,film & video
640,cat641,theater
641,cat642,theater
642,cat643,technology
643,cat644,theater
644,cat645,theater
645,cat646,music
646,cat647,games
647,cat648,publishing
648,cat649,food
649,cat650,theater
650,cat651,music
651,cat652,film & video
652,cat653,technology
653,cat654,technology
654,cat655,music
655,cat656,photography
656,cat657,food
657,cat658,film & video
658,cat659,music
659,cat660,film & video
660,cat661,theater
661,cat662,music
662,cat663,theater
663,cat664,theater
664,cat665,music
665,cat666,film & video
666,cat667,theater
667,cat668,journalism
668,cat669,theater
669,cat670,theater
670,cat671,music
671,cat672,theater
672,cat673,theater
673,cat674,music
674,cat675,photography
675,cat676,journalism
676,cat677,photography
677,cat678,publishing
678,cat679,film & video
679,cat680,food
680,cat681,games
681,cat682,theater
682,cat683,theater
683,cat684,theater
684,cat685,publishing
685,cat686,theater
686,cat687,technology
687,cat688,theater
688,cat689,film & video
689,cat690,technology
690,cat691,film & video
691,cat692,film & video
692,cat693,music
693,cat694,theater
694,cat695,theater
695,cat696,music
696,cat697,theater
697,cat698,music
698,cat699,technology
699,cat700,film & video
700,cat701,technology
701,cat702,theater
702,cat703,technology
703,cat704,publishing
704,cat705,film & video
705,cat706,publishing
706,cat707,technology
707,cat708,film & video
708,cat709,theater
709,cat710,theater
710,cat711,theater
711,cat712,theater
712,cat713,theater
713,cat714,publishing
714,cat715,music
715,cat716,games
716,cat717,theater
717,cat718,film & video
718,cat719,technology
719,cat720,publishing
720,cat721,theater
721,cat722,music
722,cat723,film & video
723,cat724,theater
724,cat725,theater
725,cat726,games
726,cat727,theater
727,cat728,technology
728,cat729,theater
729,cat730,film & video
730,cat731,technology
731,cat732,technology
732,cat733,music
733,cat734,music
734,cat735,theater
735,cat736,photography
736,cat737,publishing
737,cat738,music
738,cat739,theater
739,cat740,music
740,cat741,theater
741,cat742,theater
742,cat743,music
743,cat744,theater
744,cat745,theater
745,cat746,technology
746,cat747,technology
747,cat748,theater
748,cat749,film & video
749,cat750,technology
750,cat751,music
751,cat752,publishing
752,cat753,theater
753,cat754,photography
754,cat755,theater
755,cat756,theater
756,cat757,theater
757,cat758,film & video
758,cat759,music
759,cat760,music
760,cat761,games
761,cat762,music
762,cat763,music
763,cat764,theater
764,cat765,music
765,cat766,music
766,cat767,film & video
767,cat768,publishing
768,cat769,theater
769,cat770,games
770,cat771,theater
771,cat772,theater
772,cat773,music
773,cat774,theater
774,cat775,technology
775,cat776,music
776,cat777,theater
777,cat778,theater
778,cat779,film & video
779,cat780,theater
780,cat781,film & video
781,cat782,theater
782,cat783,film & video
783,cat784,music
784,cat785,technology
785,cat786,film & video
786,cat787,music
787,cat788,music
788,cat789,film & video
789,cat790,theater
790,cat791,theater
791,cat792,food
792,cat793,theater
793,cat794,publishing
794,cat795,music
795,cat796,film & video
796,cat797,games
797,cat798,technology
798,cat799,theater
799,cat800,theater
800,cat801,music
801,cat802,photography
802,cat803,photography
803,cat804,theater
804,cat805,music
805,cat806,film & video
806,cat807,film & video
807,cat808,theater
808,cat809,food
809,cat810,film & video
810,cat811,theater
811,cat812,games
812,cat813,publishing
813,cat814,games
814,cat815,music
815,cat816,music
816,cat817,theater
817,cat818,publishing
818,cat819,theater
819,cat820,games
820,cat821,music
821,cat822,film & video
822,cat823,music
823,cat824,music
824,cat825,publishing
825,cat826,film & video
826,cat827,theater
827,cat828,film & video
828,cat829,theater
829,cat830,theater
830,cat831,theater
831,cat832,photography
832,cat833,publishing
833,cat834,publishing
834,cat835,theater
835,cat836,technology
836,cat837,music
837,cat838,music
838,cat839,theater
839,cat840,film & video
840,cat841,theater
841,cat842,technology
842,cat843,technology
843,cat844,photography
844,cat845,film & video
845,cat846,technology
846,cat847,technology
847,cat848,food
848,cat849,film & video
849,cat850,music
850,cat851,music
851,cat852,music
852,cat853,games
853,cat854,music
854,cat855,publishing
855,cat856,theater
856,cat857,food
857,cat858,film & video
858,cat859,food
859,cat860,theater
860,cat861,technology
861,cat862,theater
862,cat863,theater
863,cat864,film & video
864,cat865,film & video
865,cat866,theater
866,cat867,photography
867,cat868,food
868,cat869,theater
869,cat870,film & video
870,cat871,theater
871,cat872,theater
872,cat873,film & video
873,cat874,photography
874,cat875,photography
875,cat876,music
876,cat877,photography
877,cat878,food
878,cat879,music
879,cat880,publishing
880,cat881,music
881,cat882,theater
882,cat883,theater
883,cat884,film & video
884,cat885,theater
885,cat886,theater
886,cat887,music
887,cat888,theater
888,cat889,theater
889,cat890,music
890,cat891,music
891,cat892,film & video
892,cat893,publishing
893,cat894,film & video
894,cat895,film & video
895,cat896,theater
896,cat897,food
897,cat898,theater
898,cat899,film & video
899,cat900,music
900,cat901,technology
901,cat902,music
902,cat903,technology
903,cat904,publishing
904,cat905,publishing
905,cat906,theater
906,cat907,film & video
907,cat908,theater
908,cat909,games
909,cat910,theater
910,cat911,theater
911,cat912,technology
912,cat913,film & video
913,cat914,film & video
914,cat915,theater
915,cat916,film & video
916,cat917,photography
917,cat918,film & video
918,cat919,publishing
919,cat920,theater
920,cat921,film & video
921,cat922,technology
922,cat923,music
923,cat924,theater
924,cat925,theater
925,cat926,theater
926,cat927,food
927,cat928,theater
928,cat929,technology
929,cat930,theater
930,cat931,theater
931,cat932,theater
932,cat933,music
933,cat934,theater
934,cat935,theater
935,cat936,theater
936,cat937,theater
937,cat938,film & video
938,cat939,publishing
939,cat940,games
940,cat941,technology
941,cat942,theater
942,cat943,theater
943,cat944,food
944,cat945,photography
945,cat946,photography
946,cat947,theater
947,cat948,theater
948,cat949,film & video
949,cat950,technology
950,cat951,theater
951,cat952,music
952,cat953,film & video
953,cat954,film & video
954,cat955,technology
955,cat956,theater
956,cat957,film & video
957,cat958,theater
958,cat959,film & video
959,cat960,publishing
960,cat961,technology
961,cat962,publishing
962,cat963,food
963,cat964,photography
964,cat965,theater
965,cat966,music
966,cat967,theater
967,cat968,music
968,cat969,food
969,cat970,theater
970,cat971,theater
971,cat972,film & video
972,cat973,technology
973,cat974,theater
974,cat975,music
975,cat976,theater
976,cat977,theater
977,cat978,food
978,cat979,games
979,cat980,theater
980,cat981,publishing
981,cat982,technology
982,cat983,film & video
983,cat984,film & video
984,cat985,theater
985,cat986,music
986,cat987,music
987,cat988,film & video
988,cat989,publishing
989,cat990,publishing
990,cat991,film & video
991,cat992,music
992,cat993,film & video
993,cat994,photography
994,cat995,publishing
995,cat996,food
996,cat997,theater
997,cat998,theater
998,cat999,music
999,cat1000,food
