,category
0,food
1,music
2,technology
3,music
4,theater
5,theater
6,film & video
7,theater
8,theater
9,music
10,film & video
11,theater
12,film & video
13,music
14,music
15,technology
16,publishing
17,film & video
18,theater
19,theater
20,film & video
21,theater
22,theater
23,film & video
24,technology
25,games
26,theater
27,music
28,theater
29,film & video
30,film & video
31,games
32,film & video
33,theater
34,film & video
35,film & video
36,theater
37,publishing
38,photography
39,theater
40,technology
41,music
42,food
43,publishing
44,publishing
45,theater
46,music
47,theater
48,theater
49,music
50,music
51,technology
52,theater
53,film & video
54,technology
55,music
56,technology
57,games
58,theater
59,theater
60,theater
61,theater
62,technology
63,theater
64,technology
65,theater
66,theater
67,technology
68,theater
69,theater
70,theater
71,theater
72,film & video
73,music
74,music
75,photography
76,theater
77,film & video
78,publishing
79,theater
80,games
81,music
82,games
83,music
84,technology
85,music
86,theater
87,music
88,publishing
89,theater
90,theater
91,publishing
92,games
93,theater
94,technology
95,film & video
96,theater
97,food
98,games
99,theater
100,theater
101,music
102,technology
103,music
104,music
105,technology
106,theater
107,theater
108,film & video
109,film & video
110,food
111,publishing
112,technology
113,food
114,technology
115,publishing
116,theater
117,film & video
118,photography
119,film & video
120,games
121,games
122,publishing
123,theater
124,photography
125,theater
126,theater
127,theater
128,music
129,food
130,film & video
131,technology
132,theater
133,music
134,film & video
135,theater
136,film & video
137,publishing
138,games
139,technology
140,film & video
141,technology
142,technology
143,music
144,theater
145,technology
146,theater
147,theater
148,technology
149,music
150,music
151,music
152,music
153,theater
154,music
155,theater
156,music
157,photography
158,music
159,theater
160,technology
161,technology
162,music
163,photography
164,theater
165,technology
166,photography
167,theater
168,music
169,film & video
170,music
171,publishing
172,film & video
173,theater
174,technology
175,theater
176,theater
177,theater
178,food
179,theater
180,technology
181,technology
182,theater
183,music
184,theater
185,film & video
186,theater
187,film & video
188,theater
189,theater
190,theater
191,theater
192,music
193,music
194,music
195,music
196,technology
197,film & video
198,music
199,music
200,theater
201,technology
202,food
203,theater
204,music
205,theater
206,publishing
207,music
208,film & video
209,film & video
210,film & video
211,theater
212,theater
213,music
214,music
215,theater
216,theater
217,film & video
218,film & video
219,film & video
220,theater
221,food
222,photography
223,theater
224,film & video
225,music
226,photography
227,games
228,film & video
229,games
230,games
231,theater
232,theater
233,film & video
234,games
235,film & video
236,music
237,film & video
238,theater
239,technology
240,theater
241,publishing
242,music
243,theater
244,theater
245,theater
246,technology
247,publishing
248,games
249,publishing
250,music
251,theater
252,theater
253,film & video
254,publishing
255,music
256,music
257,theater
258,theater
259,photography
260,music
261,music
262,music
263,photography
264,theater
265,theater
266,music
267,theater
268,film & video
269,film & video
270,games
271,photography
272,theater
273,theater
274,theater
275,publishing
276,games
277,theater
278,technology
279,theater
280,film & video
281,theater
282,film & video
283,music
284,technology
285,theater
286,theater
287,music
288,music
289,theater
290,film & video
291,technology
292,food
293,theater
294,theater
295,theater
296,theater
297,theater
298,music
299,food
300,publishing
301,film & video
302,theater
303,music
304,film & video
305,theater
306,theater
307,publishing
308,theater
309,music
310,games
311,theater
312,theater
313,music
314,film & video
315,theater
316,food
317,theater
318,music
319,technology
320,publishing
321,film & video
322,theater
323,film & video
324,theater
325,theater
326,film & video
327,theater
328,music
329,games
330,film & video
331,food
332,technology
333,theater
334,music
335,music
336,music
337,theater
338,theater
339,theater
340,photography
341,music
342,theater
343,theater
344,games
345,film & video
346,music
347,technology
348,food
349,theater
350,music
351,music
352,theater
353,theater
354,film & video
355,technology
356,theater
357,games
358,photography
359,film & video
360,theater
361,theater
362,music
363,music
364,music
365,theater
366,theater
367,theater
368,film & video
369,film & video
370,theater
371,theater
372,film & video
373,theater
374,film & video
375,music
376,music
377,theater
378,film & video
379,theater
380,theater
381,theater
382,photography
383,food
384,film & video
385,publishing
386,theater
387,technology
388,music
389,theater
390,photography
391,publishing
392,technology
393,music
394,film & video
395,theater
396,film & video
397,music
398,film & video
399,music
400,photography
401,theater
402,film & video
403,theater
404,theater
405,theater
406,film & video
407,theater
408,film & video
409,music
410,games
411,theater
412,publishing
413,film & video
414,food
415,theater
416,film & video
417,theater
418,film & video
419,technology
420,theater
421,technology
422,theater
423,food
424,music
425,photography
426,theater
427,theater
428,film & video
429,photography
430,theater
431,theater
432,theater
433,film & video
434,theater
435,theater
436,music
437,film & video
438,theater
439,film & video
440,film & video
441,technology
442,theater
443,theater
444,music
445,theater
446,technology
447,film & video
448,games
449,games
450,film & video
451,music
452,film & video
453,film & video
454,film & video
455,theater
456,music
457,theater
458,theater
459,film & video
460,theater
461,film & video
462,games
463,film & video
464,theater
465,publishing
466,technology
467,technology
468,theater
469,film & video
470,technology
471,food
472,music
473,music
474,film & video
475,publishing
476,publishing
477,film & video
478,technology
479,food
480,photography
481,theater
482,publishing
483,theater
484,food
485,theater
486,publishing
487,theater
488,theater
489,technology
490,journalism
491,food
492,film & video
493,photography
494,technology
495,theater
496,film & video
497,technology
498,technology
499,film & video
500,theater
501,film & video
502,games
503,film & video
504,music
505,publishing
506,theater
507,technology
508,theater
509,theater
510,film & video
511,theater
512,games
513,film & video
514,music
515,theater
516,publishing
517,food
518,film & video
519,music
520,theater
521,film & video
522,film & video
523,film & video
524,theater
525,technology
526,theater
527,film & video
528,music
529,games
530,publishing
531,games
532,theater
533,music
534,film & video
535,theater
536,publishing
537,film & video
538,games
539,food
540,photography
541,games
542,music
543,games
544,music
545,theater
546,theater
547,film & video
548,theater
549,technology
550,music
551,technology
552,theater
553,music
554,music
555,music
556,publishing
557,film & video
558,theater
559,theater
560,film & video
561,theater
562,music
563,film & video
564,theater
565,theater
566,music
567,music
568,theater
569,film & video
570,music
571,film & video
572,music
573,journalism
574,food
575,theater
576,theater
577,music
578,film & video
579,music
580,theater
581,technology
582,games
583,film & video
584,technology
585,publishing
586,music
587,food
588,theater
589,film & video
590,publishing
591,games
592,theater
593,film & video
594,theater
595,theater
596,film & video
597,theater
598,music
599,film & video
600,food
601,technology
602,theater
603,theater
604,theater
605,publishing
606,music
607,food
608,music
609,film & video
610,theater
611,theater
612,music
613,theater
614,theater
615,theater
616,music
617,theater
618,publishing
619,theater
620,photography
621,theater
622,music
623,theater
624,photography
625,theater
626,theater
627,food
628,music
629,theater
630,theater
631,theater
632,theater
633,film & video
634,film & video
635,film & video
636,film & video
637,theater
638,theater
639,film & video
640,theater
641,theater
642,technology
643,theater
644,theater
645,music
646,games
647,publishing
648,food
649,theater
650,music
651,film & video
652,technology
653,technology
654,music
655,photography
656,food
657,film & video
658,music
659,film & video
660,theater
661,music
662,theater
663,theater
664,music
665,film & video
666,theater
667,journalism
668,theater
669,theater
670,music
671,theater
672,theater
673,music
674,photography
675,journalism
676,photography
677,publishing
678,film & video
679,food
680,games
681,theater
682,theater
683,theater
684,publishing
685,theater
686,technology
687,theater
688,film & video
689,technology
690,film & video
691,film & video
692,music
693,theater
694,theater
695,music
696,theater
697,music
698,technology
699,film & video
700,technology
701,theater
702,technology
703,publishing
704,film & video
705,publishing
706,technology
707,film & video
708,theater
709,theater
710,theater
711,theater
712,theater
713,publishing
714,music
715,games
716,theater
717,film & video
718,technology
719,publishing
720,theater
721,music
722,film & video
723,theater
724,theater
725,games
726,theater
727,technology
728,theater
729,film & video
730,technology
731,technology
732,music
733,music
734,theater
735,photography
736,publishing
737,music
738,theater
739,music
740,theater
741,theater
742,music
743,theater
744,theater
745,technology
746,technology
747,theater
748,film & video
749,technology
750,music
751,publishing
752,theater
753,photography
754,theater
755,theater
756,theater
757,film & video
758,music
759,music
760,games
761,music
762,music
763,theater
764,music
765,music
766,film & video
767,publishing
768,theater
769,games
770,theater
771,theater
772,music
773,theater
774,technology
775,music
776,theater
777,theater
778,film & video
779,theater
780,film & video
781,theater
782,film & video
783,music
784,technology
785,film & video
786,music
787,music
788,film & video
789,theater
790,theater
791,food
792,theater
793,publishing
794,music
795,film & video
796,games
797,technology
798,theater
799,theater
800,music
801,photography
802,photography
803,theater
804,music
805,film & video
806,film & video
807,theater
808,food
809,film & video
810,theater
811,games
812,publishing
813,games
814,music
815,music
816,theater
817,publishing
818,theater
819,games
820,music
821,film & video
822,music
823,music
824,publishing
825,film & video
826,theater
827,film & video
828,theater
829,theater
830,theater
831,photography
832,publishing
833,publishing
834,theater
835,technology
836,music
837,music
838,theater
839,film & video
840,theater
841,technology
842,technology
843,photography
844,film & video
845,technology
846,technology
847,food
848,film & video
849,music
850,music
851,music
852,games
853,music
854,publishing
855,theater
856,food
857,film & video
858,food
859,theater
860,technology
861,theater
862,theater
863,film & video
864,film & video
865,theater
866,photography
867,food
868,theater
869,film & video
870,theater
871,theater
872,film & video
873,photography
874,photography
875,music
876,photography
877,food
878,music
879,publishing
880,music
881,theater
882,theater
883,film & video
884,theater
885,theater
886,music
887,theater
888,theater
889,music
890,music
891,film & video
892,publishing
893,film & video
894,film & video
895,theater
896,food
897,theater
898,film & video
899,music
900,technology
901,music
902,technology
903,publishing
904,publishing
905,theater
906,film & video
907,theater
908,games
909,theater
910,theater
911,technology
912,film & video
913,film & video
914,theater
915,film & video
916,photography
917,film & video
918,publishing
919,theater
920,film & video
921,technology
922,music
923,theater
924,theater
925,theater
926,food
927,theater
928,technology
929,theater
930,theater
931,theater
932,music
933,theater
934,theater
935,theater
936,theater
937,film & video
938,publishing
939,games
940,technology
941,theater
942,theater
943,food
944,photography
945,photography
946,theater
947,theater
948,film & video
949,technology
950,theater
951,music
952,film & video
953,film & video
954,technology
955,theater
956,film & video
957,theater
958,film & video
959,publishing
960,technology
961,publishing
962,food
963,photography
964,theater
965,music
966,theater
967,music
968,food
969,theater
970,theater
971,film & video
972,technology
973,theater
974,music
975,theater
976,theater
977,food
978,games
979,theater
980,publishing
981,technology
982,film & video
983,film & video
984,theater
985,music
986,music
987,film & video
988,publishing
989,publishing
990,film & video
991,music
992,film & video
993,photography
994,publishing
995,food
996,theater
997,theater
998,music
999,food
