,subcategory_id,sub-category
0,subcat1,food trucks
1,subcat2,rock
2,subcat3,web
3,subcat4,rock
4,subcat5,plays
5,subcat6,plays
6,subcat7,documentary
7,subcat8,plays
8,subcat9,plays
9,subcat10,electric music
10,subcat11,drama
11,subcat12,plays
12,subcat13,drama
13,subcat14,indie rock
14,subcat15,indie rock
15,subcat16,wearables
16,subcat17,nonfiction
17,subcat18,animation
18,subcat19,plays
19,subcat20,plays
20,subcat21,drama
21,subcat22,plays
22,subcat23,plays
23,subcat24,documentary
24,subcat25,wearables
25,subcat26,video games
26,subcat27,plays
27,subcat28,rock
28,subcat29,plays
29,subcat30,shorts
30,subcat31,animation
31,subcat32,video games
32,subcat33,documentary
33,subcat34,plays
34,subcat35,documentary
35,subcat36,drama
36,subcat37,plays
37,subcat38,fiction
38,subcat39,photography books
39,subcat40,plays
40,subcat41,wearables
41,subcat42,rock
42,subcat43,food trucks
43,subcat44,radio & podcasts
44,subcat45,fiction
45,subcat46,plays
46,subcat47,rock
47,subcat48,plays
48,subcat49,plays
49,subcat50,rock
50,subcat51,metal
51,subcat52,wearables
52,subcat53,plays
53,subcat54,drama
54,subcat55,wearables
55,subcat56,jazz
56,subcat57,wearables
57,subcat58,video games
58,subcat59,plays
59,subcat60,plays
60,subcat61,plays
61,subcat62,plays
62,subcat63,web
63,subcat64,plays
64,subcat65,web
65,subcat66,plays
66,subcat67,plays
67,subcat68,wearables
68,subcat69,plays
69,subcat70,plays
70,subcat71,plays
71,subcat72,plays
72,subcat73,animation
73,subcat74,jazz
74,subcat75,metal
75,subcat76,photography books
76,subcat77,plays
77,subcat78,animation
78,subcat79,translations
79,subcat80,plays
80,subcat81,video games
81,subcat82,rock
82,subcat83,video games
83,subcat84,electric music
84,subcat85,wearables
85,subcat86,indie rock
86,subcat87,plays
87,subcat88,rock
88,subcat89,translations
89,subcat90,plays
90,subcat91,plays
91,subcat92,translations
92,subcat93,video games
93,subcat94,plays
94,subcat95,web
95,subcat96,documentary
96,subcat97,plays
97,subcat98,food trucks
98,subcat99,video games
99,subcat100,plays
100,subcat101,plays
101,subcat102,electric music
102,subcat103,wearables
103,subcat104,electric music
104,subcat105,indie rock
105,subcat106,web
106,subcat107,plays
107,subcat108,plays
108,subcat109,documentary
109,subcat110,television
110,subcat111,food trucks
111,subcat112,radio & podcasts
112,subcat113,web
113,subcat114,food trucks
114,subcat115,wearables
115,subcat116,fiction
116,subcat117,plays
117,subcat118,television
118,subcat119,photography books
119,subcat120,documentary
120,subcat121,mobile games
121,subcat122,video games
122,subcat123,fiction
123,subcat124,plays
124,subcat125,photography books
125,subcat126,plays
126,subcat127,plays
127,subcat128,plays
128,subcat129,rock
129,subcat130,food trucks
130,subcat131,drama
131,subcat132,web
132,subcat133,plays
133,subcat134,world music
134,subcat135,documentary
135,subcat136,plays
136,subcat137,drama
137,subcat138,nonfiction
138,subcat139,mobile games
139,subcat140,wearables
140,subcat141,documentary
141,subcat142,web
142,subcat143,web
143,subcat144,indie rock
144,subcat145,plays
145,subcat146,wearables
146,subcat147,plays
147,subcat148,plays
148,subcat149,wearables
149,subcat150,indie rock
150,subcat151,rock
151,subcat152,electric music
152,subcat153,indie rock
153,subcat154,plays
154,subcat155,indie rock
155,subcat156,plays
156,subcat157,rock
157,subcat158,photography books
158,subcat159,rock
159,subcat160,plays
160,subcat161,wearables
161,subcat162,web
162,subcat163,rock
163,subcat164,photography books
164,subcat165,plays
165,subcat166,web
166,subcat167,photography books
167,subcat168,plays
168,subcat169,indie rock
169,subcat170,shorts
170,subcat171,indie rock
171,subcat172,translations
172,subcat173,documentary
173,subcat174,plays
174,subcat175,wearables
175,subcat176,plays
176,subcat177,plays
177,subcat178,plays
178,subcat179,food trucks
179,subcat180,plays
180,subcat181,wearables
181,subcat182,web
182,subcat183,plays
183,subcat184,rock
184,subcat185,plays
185,subcat186,television
186,subcat187,plays
187,subcat188,shorts
188,subcat189,plays
189,subcat190,plays
190,subcat191,plays
191,subcat192,plays
192,subcat193,rock
193,subcat194,indie rock
194,subcat195,metal
195,subcat196,electric music
196,subcat197,wearables
197,subcat198,drama
198,subcat199,electric music
199,subcat200,rock
200,subcat201,plays
201,subcat202,web
202,subcat203,food trucks
203,subcat204,plays
204,subcat205,jazz
205,subcat206,plays
206,subcat207,fiction
207,subcat208,rock
208,subcat209,documentary
209,subcat210,documentary
210,subcat211,science fiction
211,subcat212,plays
212,subcat213,plays
213,subcat214,indie rock
214,subcat215,rock
215,subcat216,plays
216,subcat217,plays
217,subcat218,science fiction
218,subcat219,shorts
219,subcat220,animation
220,subcat221,plays
221,subcat222,food trucks
222,subcat223,photography books
223,subcat224,plays
224,subcat225,science fiction
225,subcat226,rock
226,subcat227,photography books
227,subcat228,mobile games
228,subcat229,animation
229,subcat230,mobile games
230,subcat231,video games
231,subcat232,plays
232,subcat233,plays
233,subcat234,animation
234,subcat235,video games
235,subcat236,animation
236,subcat237,rock
237,subcat238,animation
238,subcat239,plays
239,subcat240,wearables
240,subcat241,plays
241,subcat242,nonfiction
242,subcat243,rock
243,subcat244,plays
244,subcat245,plays
245,subcat246,plays
246,subcat247,web
247,subcat248,fiction
248,subcat249,mobile games
249,subcat250,translations
250,subcat251,rock
251,subcat252,plays
252,subcat253,plays
253,subcat254,drama
254,subcat255,nonfiction
255,subcat256,rock
256,subcat257,rock
257,subcat258,plays
258,subcat259,plays
259,subcat260,photography books
260,subcat261,rock
261,subcat262,rock
262,subcat263,indie rock
263,subcat264,photography books
264,subcat265,plays
265,subcat266,plays
266,subcat267,jazz
267,subcat268,plays
268,subcat269,documentary
269,subcat270,television
270,subcat271,video games
271,subcat272,photography books
272,subcat273,plays
273,subcat274,plays
274,subcat275,plays
275,subcat276,translations
276,subcat277,video games
277,subcat278,plays
278,subcat279,web
279,subcat280,plays
280,subcat281,animation
281,subcat282,plays
282,subcat283,television
283,subcat284,rock
284,subcat285,web
285,subcat286,plays
286,subcat287,plays
287,subcat288,electric music
288,subcat289,metal
289,subcat290,plays
290,subcat291,documentary
291,subcat292,web
292,subcat293,food trucks
293,subcat294,plays
294,subcat295,plays
295,subcat296,plays
296,subcat297,plays
297,subcat298,plays
298,subcat299,rock
299,subcat300,food trucks
300,subcat301,nonfiction
301,subcat302,documentary
302,subcat303,plays
303,subcat304,indie rock
304,subcat305,documentary
305,subcat306,plays
306,subcat307,plays
307,subcat308,fiction
308,subcat309,plays
309,subcat310,indie rock
310,subcat311,video games
311,subcat312,plays
312,subcat313,plays
313,subcat314,rock
314,subcat315,documentary
315,subcat316,plays
316,subcat317,food trucks
317,subcat318,plays
318,subcat319,rock
319,subcat320,web
320,subcat321,fiction
321,subcat322,shorts
322,subcat323,plays
323,subcat324,documentary
324,subcat325,plays
325,subcat326,plays
326,subcat327,animation
327,subcat328,plays
328,subcat329,rock
329,subcat330,video games
330,subcat331,documentary
331,subcat332,food trucks
332,subcat333,wearables
333,subcat334,plays
334,subcat335,rock
335,subcat336,rock
336,subcat337,rock
337,subcat338,plays
338,subcat339,plays
339,subcat340,plays
340,subcat341,photography books
341,subcat342,indie rock
342,subcat343,plays
343,subcat344,plays
344,subcat345,video games
345,subcat346,drama
346,subcat347,indie rock
347,subcat348,web
348,subcat349,food trucks
349,subcat350,plays
350,subcat351,jazz
351,subcat352,rock
352,subcat353,plays
353,subcat354,plays
354,subcat355,documentary
355,subcat356,wearables
356,subcat357,plays
357,subcat358,video games
358,subcat359,photography books
359,subcat360,animation
360,subcat361,plays
361,subcat362,plays
362,subcat363,rock
363,subcat364,rock
364,subcat365,indie rock
365,subcat366,plays
366,subcat367,plays
367,subcat368,plays
368,subcat369,documentary
369,subcat370,television
370,subcat371,plays
371,subcat372,plays
372,subcat373,documentary
373,subcat374,plays
374,subcat375,documentary
375,subcat376,indie rock
376,subcat377,rock
377,subcat378,plays
378,subcat379,documentary
379,subcat380,plays
380,subcat381,plays
381,subcat382,plays
382,subcat383,photography books
383,subcat384,food trucks
384,subcat385,documentary
385,subcat386,nonfiction
386,subcat387,plays
387,subcat388,wearables
388,subcat389,indie rock
389,subcat390,plays
390,subcat391,photography books
391,subcat392,nonfiction
392,subcat393,wearables
393,subcat394,jazz
394,subcat395,documentary
395,subcat396,plays
396,subcat397,drama
397,subcat398,rock
398,subcat399,animation
399,subcat400,indie rock
400,subcat401,photography books
401,subcat402,plays
402,subcat403,shorts
403,subcat404,plays
404,subcat405,plays
405,subcat406,plays
406,subcat407,documentary
407,subcat408,plays
408,subcat409,documentary
409,subcat410,rock
410,subcat411,mobile games
411,subcat412,plays
412,subcat413,fiction
413,subcat414,animation
414,subcat415,food trucks
415,subcat416,plays
416,subcat417,documentary
417,subcat418,plays
418,subcat419,documentary
419,subcat420,web
420,subcat421,plays
421,subcat422,wearables
422,subcat423,plays
423,subcat424,food trucks
424,subcat425,indie rock
425,subcat426,photography books
426,subcat427,plays
427,subcat428,plays
428,subcat429,animation
429,subcat430,photography books
430,subcat431,plays
431,subcat432,plays
432,subcat433,plays
433,subcat434,documentary
434,subcat435,plays
435,subcat436,plays
436,subcat437,jazz
437,subcat438,animation
438,subcat439,plays
439,subcat440,science fiction
440,subcat441,television
441,subcat442,wearables
442,subcat443,plays
443,subcat444,plays
444,subcat445,indie rock
445,subcat446,plays
446,subcat447,wearables
447,subcat448,television
448,subcat449,video games
449,subcat450,video games
450,subcat451,animation
451,subcat452,rock
452,subcat453,drama
453,subcat454,science fiction
454,subcat455,drama
455,subcat456,plays
456,subcat457,indie rock
457,subcat458,plays
458,subcat459,plays
459,subcat460,documentary
460,subcat461,plays
461,subcat462,drama
462,subcat463,mobile games
463,subcat464,animation
464,subcat465,plays
465,subcat466,translations
466,subcat467,wearables
467,subcat468,web
468,subcat469,plays
469,subcat470,drama
470,subcat471,wearables
471,subcat472,food trucks
472,subcat473,rock
473,subcat474,electric music
474,subcat475,television
475,subcat476,translations
476,subcat477,fiction
477,subcat478,science fiction
478,subcat479,wearables
479,subcat480,food trucks
480,subcat481,photography books
481,subcat482,plays
482,subcat483,fiction
483,subcat484,plays
484,subcat485,food trucks
485,subcat486,plays
486,subcat487,translations
487,subcat488,plays
488,subcat489,plays
489,subcat490,wearables
490,subcat491,audio
491,subcat492,food trucks
492,subcat493,shorts
493,subcat494,photography books
494,subcat495,wearables
495,subcat496,plays
496,subcat497,animation
497,subcat498,wearables
498,subcat499,web
499,subcat500,documentary
500,subcat501,plays
501,subcat502,documentary
502,subcat503,video games
503,subcat504,drama
504,subcat505,rock
505,subcat506,radio & podcasts
506,subcat507,plays
507,subcat508,web
508,subcat509,plays
509,subcat510,plays
510,subcat511,drama
511,subcat512,plays
512,subcat513,video games
513,subcat514,television
514,subcat515,rock
515,subcat516,plays
516,subcat517,nonfiction
517,subcat518,food trucks
518,subcat519,animation
519,subcat520,rock
520,subcat521,plays
521,subcat522,drama
522,subcat523,shorts
523,subcat524,shorts
524,subcat525,plays
525,subcat526,wearables
526,subcat527,plays
527,subcat528,animation
528,subcat529,indie rock
529,subcat530,video games
530,subcat531,fiction
531,subcat532,video games
532,subcat533,plays
533,subcat534,indie rock
534,subcat535,drama
535,subcat536,plays
536,subcat537,fiction
537,subcat538,documentary
538,subcat539,mobile games
539,subcat540,food trucks
540,subcat541,photography books
541,subcat542,mobile games
542,subcat543,indie rock
543,subcat544,video games
544,subcat545,rock
545,subcat546,plays
546,subcat547,plays
547,subcat548,drama
548,subcat549,plays
549,subcat550,wearables
550,subcat551,indie rock
551,subcat552,web
552,subcat553,plays
553,subcat554,rock
554,subcat555,indie rock
555,subcat556,rock
556,subcat557,translations
557,subcat558,science fiction
558,subcat559,plays
559,subcat560,plays
560,subcat561,animation
561,subcat562,plays
562,subcat563,rock
563,subcat564,documentary
564,subcat565,plays
565,subcat566,plays
566,subcat567,electric music
567,subcat568,rock
568,subcat569,plays
569,subcat570,animation
570,subcat571,rock
571,subcat572,shorts
572,subcat573,rock
573,subcat574,audio
574,subcat575,food trucks
575,subcat576,plays
576,subcat577,plays
577,subcat578,jazz
578,subcat579,science fiction
579,subcat580,jazz
580,subcat581,plays
581,subcat582,web
582,subcat583,video games
583,subcat584,documentary
584,subcat585,web
585,subcat586,translations
586,subcat587,rock
587,subcat588,food trucks
588,subcat589,plays
589,subcat590,documentary
590,subcat591,radio & podcasts
591,subcat592,video games
592,subcat593,plays
593,subcat594,animation
594,subcat595,plays
595,subcat596,plays
596,subcat597,drama
597,subcat598,plays
598,subcat599,rock
599,subcat600,documentary
600,subcat601,food trucks
601,subcat602,wearables
602,subcat603,plays
603,subcat604,plays
604,subcat605,plays
605,subcat606,nonfiction
606,subcat607,rock
607,subcat608,food trucks
608,subcat609,jazz
609,subcat610,science fiction
610,subcat611,plays
611,subcat612,plays
612,subcat613,electric music
613,subcat614,plays
614,subcat615,plays
615,subcat616,plays
616,subcat617,indie rock
617,subcat618,plays
618,subcat619,nonfiction
619,subcat620,plays
620,subcat621,photography books
621,subcat622,plays
622,subcat623,indie rock
623,subcat624,plays
624,subcat625,photography books
625,subcat626,plays
626,subcat627,plays
627,subcat628,food trucks
628,subcat629,indie rock
629,subcat630,plays
630,subcat631,plays
631,subcat632,plays
632,subcat633,plays
633,subcat634,animation
634,subcat635,television
635,subcat636,television
636,subcat637,animation
637,subcat638,plays
638,subcat639,plays
639,subcat640,drama
640,subcat641,plays
641,subcat642,plays
642,subcat643,wearables
643,subcat644,plays
644,subcat645,plays
645,subcat646,rock
646,subcat647,video games
647,subcat648,translations
648,subcat649,food trucks
649,subcat650,plays
650,subcat651,jazz
651,subcat652,shorts
652,subcat653,web
653,subcat654,web
654,subcat655,metal
655,subcat656,photography books
656,subcat657,food trucks
657,subcat658,science fiction
658,subcat659,rock
659,subcat660,documentary
660,subcat661,plays
661,subcat662,jazz
662,subcat663,plays
663,subcat664,plays
664,subcat665,jazz
665,subcat666,documentary
666,subcat667,plays
667,subcat668,audio
668,subcat669,plays
669,subcat670,plays
670,subcat671,indie rock
671,subcat672,plays
672,subcat673,plays
673,subcat674,indie rock
674,subcat675,photography books
675,subcat676,audio
676,subcat677,photography books
677,subcat678,fiction
678,subcat679,drama
679,subcat680,food trucks
680,subcat681,mobile games
681,subcat682,plays
682,subcat683,plays
683,subcat684,plays
684,subcat685,nonfiction
685,subcat686,plays
686,subcat687,wearables
687,subcat688,plays
688,subcat689,television
689,subcat690,web
690,subcat691,documentary
691,subcat692,documentary
692,subcat693,rock
693,subcat694,plays
694,subcat695,plays
695,subcat696,rock
696,subcat697,plays
697,subcat698,electric music
698,subcat699,wearables
699,subcat700,drama
700,subcat701,wearables
701,subcat702,plays
702,subcat703,wearables
703,subcat704,translations
704,subcat705,animation
705,subcat706,nonfiction
706,subcat707,web
707,subcat708,drama
708,subcat709,plays
709,subcat710,plays
710,subcat711,plays
711,subcat712,plays
712,subcat713,plays
713,subcat714,radio & podcasts
714,subcat715,rock
715,subcat716,mobile games
716,subcat717,plays
717,subcat718,documentary
718,subcat719,wearables
719,subcat720,fiction
720,subcat721,plays
721,subcat722,rock
722,subcat723,documentary
723,subcat724,plays
724,subcat725,plays
725,subcat726,mobile games
726,subcat727,plays
727,subcat728,web
728,subcat729,plays
729,subcat730,drama
730,subcat731,wearables
731,subcat732,web
732,subcat733,rock
733,subcat734,metal
734,subcat735,plays
735,subcat736,photography books
736,subcat737,nonfiction
737,subcat738,indie rock
738,subcat739,plays
739,subcat740,indie rock
740,subcat741,plays
741,subcat742,plays
742,subcat743,electric music
743,subcat744,plays
744,subcat745,plays
745,subcat746,wearables
746,subcat747,web
747,subcat748,plays
748,subcat749,animation
749,subcat750,wearables
750,subcat751,electric music
751,subcat752,nonfiction
752,subcat753,plays
753,subcat754,photography books
754,subcat755,plays
755,subcat756,plays
756,subcat757,plays
757,subcat758,drama
758,subcat759,rock
759,subcat760,electric music
760,subcat761,video games
761,subcat762,rock
762,subcat763,jazz
763,subcat764,plays
764,subcat765,rock
765,subcat766,indie rock
766,subcat767,science fiction
767,subcat768,translations
768,subcat769,plays
769,subcat770,video games
770,subcat771,plays
771,subcat772,plays
772,subcat773,indie rock
773,subcat774,plays
774,subcat775,web
775,subcat776,rock
776,subcat777,plays
777,subcat778,plays
778,subcat779,animation
779,subcat780,plays
780,subcat781,drama
781,subcat782,plays
782,subcat783,animation
783,subcat784,rock
784,subcat785,web
785,subcat786,animation
786,subcat787,jazz
787,subcat788,rock
788,subcat789,animation
789,subcat790,plays
790,subcat791,plays
791,subcat792,food trucks
792,subcat793,plays
793,subcat794,nonfiction
794,subcat795,rock
795,subcat796,drama
796,subcat797,mobile games
797,subcat798,web
798,subcat799,plays
799,subcat800,plays
800,subcat801,rock
801,subcat802,photography books
802,subcat803,photography books
803,subcat804,plays
804,subcat805,rock
805,subcat806,documentary
806,subcat807,drama
807,subcat808,plays
808,subcat809,food trucks
809,subcat810,documentary
810,subcat811,plays
811,subcat812,video games
812,subcat813,nonfiction
813,subcat814,video games
814,subcat815,rock
815,subcat816,rock
816,subcat817,plays
817,subcat818,nonfiction
818,subcat819,plays
819,subcat820,video games
820,subcat821,rock
821,subcat822,documentary
822,subcat823,rock
823,subcat824,rock
824,subcat825,nonfiction
825,subcat826,shorts
826,subcat827,plays
827,subcat828,drama
828,subcat829,plays
829,subcat830,plays
830,subcat831,plays
831,subcat832,photography books
832,subcat833,translations
833,subcat834,translations
834,subcat835,plays
835,subcat836,web
836,subcat837,indie rock
837,subcat838,jazz
838,subcat839,plays
839,subcat840,documentary
840,subcat841,plays
841,subcat842,web
842,subcat843,wearables
843,subcat844,photography books
844,subcat845,documentary
845,subcat846,web
846,subcat847,web
847,subcat848,food trucks
848,subcat849,drama
849,subcat850,indie rock
850,subcat851,rock
851,subcat852,electric music
852,subcat853,video games
853,subcat854,indie rock
854,subcat855,fiction
855,subcat856,plays
856,subcat857,food trucks
857,subcat858,shorts
858,subcat859,food trucks
859,subcat860,plays
860,subcat861,wearables
861,subcat862,plays
862,subcat863,plays
863,subcat864,television
864,subcat865,shorts
865,subcat866,plays
866,subcat867,photography books
867,subcat868,food trucks
868,subcat869,plays
869,subcat870,drama
870,subcat871,plays
871,subcat872,plays
872,subcat873,science fiction
873,subcat874,photography books
874,subcat875,photography books
875,subcat876,rock
876,subcat877,photography books
877,subcat878,food trucks
878,subcat879,metal
879,subcat880,nonfiction
880,subcat881,electric music
881,subcat882,plays
882,subcat883,plays
883,subcat884,shorts
884,subcat885,plays
885,subcat886,plays
886,subcat887,indie rock
887,subcat888,plays
888,subcat889,plays
889,subcat890,electric music
890,subcat891,indie rock
891,subcat892,documentary
892,subcat893,translations
893,subcat894,documentary
894,subcat895,television
895,subcat896,plays
896,subcat897,food trucks
897,subcat898,plays
898,subcat899,documentary
899,subcat900,jazz
900,subcat901,web
901,subcat902,rock
902,subcat903,web
903,subcat904,nonfiction
904,subcat905,radio & podcasts
905,subcat906,plays
906,subcat907,documentary
907,subcat908,plays
908,subcat909,video games
909,subcat910,plays
910,subcat911,plays
911,subcat912,web
912,subcat913,drama
913,subcat914,drama
914,subcat915,plays
915,subcat916,television
916,subcat917,photography books
917,subcat918,shorts
918,subcat919,radio & podcasts
919,subcat920,plays
920,subcat921,animation
921,subcat922,web
922,subcat923,world music
923,subcat924,plays
924,subcat925,plays
925,subcat926,plays
926,subcat927,food trucks
927,subcat928,plays
928,subcat929,web
929,subcat930,plays
930,subcat931,plays
931,subcat932,plays
932,subcat933,rock
933,subcat934,plays
934,subcat935,plays
935,subcat936,plays
936,subcat937,plays
937,subcat938,documentary
938,subcat939,fiction
939,subcat940,video games
940,subcat941,web
941,subcat942,plays
942,subcat943,plays
943,subcat944,food trucks
944,subcat945,photography books
945,subcat946,photography books
946,subcat947,plays
947,subcat948,plays
948,subcat949,documentary
949,subcat950,web
950,subcat951,plays
951,subcat952,rock
952,subcat953,documentary
953,subcat954,science fiction
954,subcat955,web
955,subcat956,plays
956,subcat957,science fiction
957,subcat958,plays
958,subcat959,animation
959,subcat960,translations
960,subcat961,web
961,subcat962,translations
962,subcat963,food trucks
963,subcat964,photography books
964,subcat965,plays
965,subcat966,rock
966,subcat967,plays
967,subcat968,world music
968,subcat969,food trucks
969,subcat970,plays
970,subcat971,plays
971,subcat972,television
972,subcat973,web
973,subcat974,plays
974,subcat975,indie rock
975,subcat976,plays
976,subcat977,plays
977,subcat978,food trucks
978,subcat979,video games
979,subcat980,plays
980,subcat981,nonfiction
981,subcat982,web
982,subcat983,documentary
983,subcat984,documentary
984,subcat985,plays
985,subcat986,rock
986,subcat987,rock
987,subcat988,documentary
988,subcat989,radio & podcasts
989,subcat990,translations
990,subcat991,drama
991,subcat992,rock
992,subcat993,drama
993,subcat994,photography books
994,subcat995,translations
995,subcat996,food trucks
996,subcat997,plays
997,subcat998,plays
998,subcat999,indie rock
999,subcat1000,food trucks
